Trial,Agent 1,Agent 2,Agent 3,Agent 4
0,0.5555555555555556,0.5555555555555556,0.6666666666666666,0.7777777777777778
1,0.6081871345029238,0.6081871345029238,0.6491228070175438,0.6900584795321637
2,0.6275777162203754,0.6275777162203754,0.6426592797783932,0.657740843336411
3,0.6347216147478576,0.6347216147478576,0.6402779802692324,0.6458343457906075
4,0.6373535773632457,0.6373535773632457,0.6394006593974364,0.6414477414316272
5,0.638323247800494,0.638323247800494,0.6390774359183538,0.6398316240362135
6,0.6386804948036907,0.6386804948036907,0.6389583535839549,0.6392362123642191
7,0.6388121121206579,0.6388121121206579,0.6389144811449657,0.6390168501692737
8,0.6388606027111196,0.6388606027111196,0.638898317614812,0.6389360325185043
