Trial,Agent 1_belief,Agent 2_belief,Agent 3_belief,Agent 4_belief,Agent 1_info_pct,Agent 2_info_pct,Agent 3_info_pct,Agent 4_info_pct
0,0.7777777777777778,0.6666666666666666,0.7777777777777778,0.6666666666666666,0.3,0.3,0.3,0.3
1,0.7555555555555555,0.6888888888888889,0.7555555555555555,0.6888888888888889,0.39,0.39,0.39,0.39
2,0.7422222222222222,0.7022222222222222,0.7422222222222222,0.7022222222222222,0.507,0.507,0.507,0.507
3,0.7342222222222222,0.7102222222222222,0.7342222222222222,0.7102222222222222,0.6591,0.6591,0.6591,0.6591
4,0.7294222222222222,0.7150222222222222,0.7294222222222222,0.7150222222222222,0.85683,0.85683,0.85683,0.85683
5,0.7265422222222222,0.7179022222222221,0.7265422222222222,0.7179022222222221,1.1138789999999998,1.1138789999999998,1.1138789999999998,1.1138789999999998
6,0.7248142222222222,0.7196302222222221,0.7248142222222222,0.7196302222222221,1.4480426999999998,1.4480426999999998,1.4480426999999998,1.4480426999999998
7,0.7237774222222222,0.7206670222222221,0.7237774222222222,0.7206670222222221,1.8824555099999998,1.8824555099999998,1.8824555099999998,1.8824555099999998
8,0.7231553422222221,0.7212891022222221,0.7231553422222221,0.7212891022222221,2.4471921629999995,2.4471921629999995,2.4471921629999995,2.4471921629999995
